Temperature,Moisture,Rainfall,PH,Nitrogen,Phosphorous,Potassium,Carbon,Soil,Crop,Fertilizer,Remark
29.36,0.866,246.4,6.7,32.48,32.48,27.55,2.67,Peaty Soil,Maize,Urea,Recommended
20.51,0.879,266.49,5.92,34.55,34.67,59.55,1.81,Peaty Soil,Rice,Urea,Recommended
27.28,0.628,127.9,6.08,49.31,56.49,122.07,1.0,Peaty Soil,Rice,Urea,Recommended
21.16,0.625,134.1,5.63,95.91,97.25,125.09,1.26,Acidic Soil,Wheat,Urea,Recommended
37.11,0.508,124.41,6.49,22.75,92.75,53.64,2.16,Sandy Soil,Potato,Urea,Recommended
33.0,0.583,136.97,7.44,82.01,95.16,136.33,1.99,Peaty Soil,Rice,Urea,Recommended
44.03,0.791,249.46,6.58,66.94,97.22,98.91,1.19,Acidic Soil,Sugarcane,Urea,Recommended
21.86,0.891,254.45,5.9,20.44,85.24,111.89,2.32,Loamy Soil,Maize,Urea,Recommended
21.85,0.451,123.17,7.23,69.86,46.47,28.26,1.28,Acidic Soil,Maize,Urea,Recommended
34.78,0.392,212.25,6.27,97.74,87.91,113.82,1.09,Clay Soil,Rice,Urea,Recommended
37.77,0.278,187.87,5.9,91.66,58.03,93.23,2.24,Acidic Soil,Sugarcane,Urea,Recommended
33.5,0.342,288.57,6.7,75.58,90.44,101.17,1.24,Acidic Soil,Potato,Urea,Recommended
31.41,0.353,183.3,7.27,45.95,29.77,66.32,2.77,Loamy Soil,Rice,Urea,Recommended
36.19,0.2,170.51,6.11,33.17,62.73,83.03,2.23,Sandy Soil,Cotton,Urea,Recommended
26.1,0.318,143.75,6.62,52.31,25.19,53.01,1.12,Sandy Soil,Maize,Urea,Recommended
27.52,0.399,107.38,6.72,60.21,24.12,56.22,2.77,Clay Soil,Potato,Urea,Recommended
23.62,0.543,297.13,5.98,73.77,80.93,50.89,2.32,Acidic Soil,Cotton,Urea,Recommended
44.59,0.479,263.29,7.1,32.06,60.66,110.46,2.65,Peaty Soil,Maize,Urea,Recommended
25.51,0.698,261.9,6.2,27.69,95.24,71.68,1.79,Loamy Soil,Maize,Urea,Recommended
28.53,0.279,284.94,7.25,40.64,72.8,126.24,1.89,Peaty Soil,Rice,Urea,Recommended
26.05,0.265,279.44,7.3,70.65,47.12,65.4,2.31,Clay Soil,Cotton,Urea,Recommended
42.18,0.746,228.41,5.67,32.93,91.88,98.84,0.52,Loamy Soil,Maize,Urea,Recommended
44.34,0.399,161.07,6.47,55.87,99.56,42.87,0.55,Acidic Soil,Cotton,Urea,Recommended
29.16,0.721,244.19,6.12,63.4,60.71,102.72,1.13,Acidic Soil,Maize,Urea,Recommended
42.3,0.642,258.96,6.51,66.15,59.4,45.38,2.31,Clay Soil,Cotton,Urea,Recommended
20.61,0.652,135.42,7.38,96.31,93.19,68.12,0.54,Acidic Soil,Rice,Urea,Recommended
33.82,0.601,296.07,5.65,44.46,35.27,54.9,1.71,Sandy Soil,Rice,Urea,Recommended
29.87,0.791,286.0,5.64,36.71,73.69,66.62,1.14,Sandy Soil,Wheat,Urea,Recommended
28.06,0.794,127.32,6.92,64.23,43.72,74.57,1.14,Acidic Soil,Cotton,Urea,Recommended
32.78,0.551,259.66,6.8,76.16,83.66,135.7,1.34,Peaty Soil,Wheat,Urea,Recommended
22.35,0.605,107.19,6.43,63.41,42.92,96.81,0.58,Peaty Soil,Wheat,Urea,Recommended
40.57,0.452,125.41,6.54,81.6,37.27,100.98,0.71,Acidic Soil,Cotton,Urea,Recommended
30.28,0.69,127.67,5.77,97.56,77.17,25.34,1.5,Clay Soil,Cotton,Urea,Recommended
38.6,0.376,136.87,5.66,54.27,75.08,27.57,2.79,Sandy Soil,Potato,Urea,Recommended
22.35,0.328,286.92,6.78,61.34,72.57,76.64,2.33,Clay Soil,Cotton,Urea,Recommended
34.15,0.311,124.03,6.18,27.34,27.53,60.48,2.95,Acidic Soil,Cotton,Urea,Recommended
20.43,0.734,261.38,6.19,57.17,71.98,26.25,2.87,Peaty Soil,Wheat,Urea,Recommended
26.52,0.211,286.69,6.5,63.15,74.72,100.06,2.86,Sandy Soil,Rice,Urea,Recommended
41.68,0.645,260.19,6.85,65.87,30.28,125.46,2.55,Peaty Soil,Maize,Urea,Recommended
40.51,0.656,141.34,6.05,37.17,50.18,25.07,2.05,Loamy Soil,Wheat,Urea,Recommended
27.97,0.791,104.65,7.13,42.55,29.45,110.58,2.07,Acidic Soil,Cotton,Urea,Recommended
30.45,0.877,209.59,6.35,65.48,66.07,115.11,0.82,Loamy Soil,Potato,Urea,Recommended
34.05,0.367,235.97,6.98,39.06,50.22,89.46,1.74,Loamy Soil,Potato,Urea,Recommended
27.44,0.27,110.7,7.42,87.77,48.39,144.38,2.19,Peaty Soil,Maize,Urea,Recommended
32.33,0.258,118.34,6.7,64.3,37.02,143.01,2.45,Acidic Soil,Sugarcane,Urea,Recommended
32.36,0.24,209.91,6.38,91.02,48.07,35.22,0.86,Sandy Soil,Wheat,Urea,Recommended
35.46,0.271,116.82,6.9,25.82,85.75,111.81,0.7,Acidic Soil,Potato,Urea,Recommended
44.67,0.462,174.13,7.13,95.78,98.88,117.94,1.44,Clay Soil,Sugarcane,Urea,Recommended
29.45,0.694,149.74,6.16,54.76,40.29,72.68,1.93,Peaty Soil,Cotton,Urea,Recommended
39.18,0.776,248.84,6.86,39.0,52.02,82.1,0.71,Loamy Soil,Potato,Urea,Recommended
30.91,0.761,295.58,6.61,45.81,23.47,140.2,2.8,Peaty Soil,Maize,Urea,Recommended
37.39,0.253,133.24,5.93,43.56,99.67,110.6,1.46,Loamy Soil,Maize,Urea,Recommended
27.02,0.865,278.05,6.41,69.61,42.19,44.46,1.66,Sandy Soil,Cotton,Urea,Recommended
34.59,0.254,294.88,7.47,75.85,62.89,60.24,2.53,Peaty Soil,Sugarcane,Urea,Recommended
23.33,0.253,288.11,6.33,66.49,93.53,30.76,2.69,Clay Soil,Sugarcane,Urea,Recommended
24.12,0.488,255.52,6.46,98.82,50.14,117.45,1.48,Clay Soil,Maize,Urea,Recommended
34.23,0.244,107.36,5.77,21.09,26.03,109.92,1.84,Acidic Soil,Potato,Urea,Recommended
42.83,0.61,245.22,7.01,50.23,39.29,46.66,1.13,Acidic Soil,Sugarcane,Urea,Recommended
25.18,0.815,251.4,5.59,41.49,21.77,84.76,1.69,Clay Soil,Maize,Urea,Recommended
27.69,0.771,293.59,5.68,83.35,67.2,82.41,1.55,Acidic Soil,Sugarcane,Urea,Recommended
35.98,0.764,280.63,6.73,98.44,68.65,102.76,1.89,Clay Soil,Wheat,Urea,Recommended
28.71,0.56,256.73,6.29,69.77,88.99,143.44,0.87,Loamy Soil,Wheat,Urea,Recommended
39.22,0.246,109.17,6.74,47.79,36.73,95.35,1.35,Loamy Soil,Maize,Urea,Recommended
23.47,0.649,136.38,6.19,91.74,57.92,106.78,0.93,Sandy Soil,Maize,Urea,Recommended
21.02,0.318,155.72,5.85,27.1,29.65,79.9,1.02,Sandy Soil,Rice,Urea,Recommended
32.59,0.683,107.86,7.1,70.23,26.54,133.57,2.8,Acidic Soil,Rice,Urea,Recommended
26.92,0.764,249.65,5.87,36.75,49.64,82.99,2.05,Sandy Soil,Sugarcane,Urea,Recommended
21.56,0.303,126.62,6.87,87.56,79.97,23.96,2.67,Clay Soil,Maize,Urea,Recommended
26.06,0.388,175.46,5.54,45.77,36.92,62.57,0.8,Loamy Soil,Sugarcane,Urea,Recommended
34.84,0.675,257.83,6.5,26.95,62.97,96.29,2.36,Loamy Soil,Cotton,Urea,Recommended
23.19,0.399,172.62,6.79,65.66,48.49,148.25,2.01,Loamy Soil,Sugarcane,Urea,Recommended
22.54,0.307,149.19,5.82,34.93,42.81,42.54,2.74,Clay Soil,Maize,Urea,Recommended
20.46,0.688,299.45,7.29,66.08,93.39,20.69,2.94,Clay Soil,Potato,Urea,Recommended
43.23,0.59,214.32,6.06,81.56,34.96,62.08,1.56,Loamy Soil,Cotton,Urea,Recommended
26.06,0.28,222.12,6.08,66.5,32.35,82.55,1.83,Loamy Soil,Potato,Urea,Recommended
28.42,0.294,112.67,7.48,45.79,84.79,53.1,2.2,Loamy Soil,Rice,Urea,Recommended
34.89,0.53,182.37,6.2,94.36,86.45,145.45,0.81,Clay Soil,Rice,Urea,Recommended
25.13,0.465,285.29,6.94,23.85,82.52,127.63,2.38,Peaty Soil,Potato,Urea,Recommended
40.63,0.33,147.14,6.77,92.63,45.3,96.48,2.21,Clay Soil,Sugarcane,Urea,Recommended
27.53,0.723,200.54,5.96,91.97,50.71,90.66,2.77,Clay Soil,Maize,Urea,Recommended
30.79,0.433,246.11,6.89,33.34,90.29,84.41,2.35,Clay Soil,Cotton,Urea,Recommended
44.94,0.727,241.4,7.06,31.45,36.36,112.83,1.73,Sandy Soil,Rice,Urea,Recommended
22.57,0.576,175.76,6.41,68.32,60.18,90.18,1.72,Peaty Soil,Cotton,Urea,Recommended
39.3,0.209,219.69,6.63,77.29,67.92,127.48,2.9,Sandy Soil,Potato,DAP,Recommended
35.37,0.838,127.82,5.7,40.48,78.09,97.09,0.76,Peaty Soil,Sugarcane,DAP,Recommended
43.06,0.695,130.51,6.65,68.54,53.93,115.74,2.84,Clay Soil,Rice,DAP,Recommended
22.83,0.889,267.78,5.75,93.67,89.59,87.45,1.98,Acidic Soil,Rice,DAP,Recommended
38.61,0.344,257.56,6.71,29.14,53.16,132.26,2.81,Sandy Soil,Maize,DAP,Recommended
38.44,0.517,144.92,6.4,31.27,34.11,84.79,1.55,Loamy Soil,Rice,DAP,Recommended
39.51,0.394,144.02,5.93,61.21,98.04,79.67,1.89,Peaty Soil,Sugarcane,DAP,Recommended
24.61,0.41,161.99,6.29,54.14,83.98,65.42,1.67,Loamy Soil,Sugarcane,DAP,Recommended
29.44,0.786,217.49,6.09,77.12,62.21,89.48,1.7,Clay Soil,Cotton,DAP,Recommended
24.55,0.803,289.22,6.25,41.66,71.52,73.14,0.56,Peaty Soil,Wheat,DAP,Recommended
41.67,0.486,210.34,6.01,35.69,60.44,97.36,1.35,Acidic Soil,Maize,DAP,Recommended
42.19,0.59,244.16,7.11,99.1,68.26,124.89,2.91,Peaty Soil,Sugarcane,DAP,Recommended
23.53,0.484,164.8,5.67,70.66,78.87,130.26,0.81,Clay Soil,Cotton,DAP,Recommended
36.07,0.693,282.12,6.75,46.87,86.01,67.2,0.59,Peaty Soil,Sugarcane,DAP,Recommended
28.63,0.742,172.55,7.22,37.56,97.96,121.37,0.79,Clay Soil,Potato,DAP,Recommended
31.78,0.327,196.96,6.52,79.33,75.91,72.33,1.05,Clay Soil,Potato,DAP,Recommended
44.61,0.568,134.34,6.04,21.47,93.14,35.31,1.94,Sandy Soil,Rice,DAP,Recommended
30.13,0.548,244.04,5.71,31.2,41.09,54.64,2.33,Sandy Soil,Cotton,DAP,Recommended
35.83,0.546,214.66,7.18,52.35,81.67,74.86,1.38,Clay Soil,Rice,DAP,Recommended
22.07,0.622,149.07,6.28,43.1,48.45,113.48,1.24,Clay Soil,Potato,DAP,Recommended
31.9,0.665,287.37,6.97,37.2,22.49,54.09,1.99,Clay Soil,Rice,DAP,Recommended
32.41,0.618,166.85,7.04,28.53,26.01,114.66,1.74,Clay Soil,Wheat,DAP,Recommended
31.49,0.253,115.55,5.5,97.42,20.42,33.4,1.29,Clay Soil,Maize,DAP,Recommended
44.05,0.753,238.11,6.54,26.94,96.65,118.59,2.1,Loamy Soil,Sugarcane,DAP,Recommended
37.31,0.794,149.93,6.48,37.7,99.01,142.73,0.6,Sandy Soil,Rice,DAP,Recommended
24.51,0.598,283.1,5.57,75.79,43.79,140.17,2.93,Acidic Soil,Wheat,DAP,Recommended
38.63,0.238,191.03,6.54,71.56,72.01,67.41,1.9,Acidic Soil,Wheat,DAP,Recommended
42.12,0.571,188.21,6.31,65.79,84.32,89.99,2.15,Acidic Soil,Wheat,DAP,Recommended
33.0,0.499,275.33,6.34,56.96,99.23,20.03,0.96,Sandy Soil,Maize,DAP,Recommended
21.75,0.207,110.54,5.68,23.01,58.38,95.5,1.18,Loamy Soil,Wheat,DAP,Recommended
22.29,0.435,204.5,6.96,20.27,57.38,58.61,2.63,Sandy Soil,Potato,DAP,Recommended
34.73,0.394,282.07,5.59,28.76,51.33,36.18,2.89,Acidic Soil,Sugarcane,DAP,Recommended
26.47,0.612,296.47,7.27,68.06,92.3,148.59,2.36,Peaty Soil,Maize,DAP,Recommended
30.04,0.786,146.11,7.16,29.63,23.76,69.93,0.59,Sandy Soil,Maize,DAP,Recommended
40.66,0.761,225.96,5.93,61.46,67.78,88.25,1.15,Clay Soil,Wheat,DAP,Recommended
32.28,0.897,279.49,6.43,69.83,79.83,24.53,2.74,Acidic Soil,Wheat,DAP,Recommended
31.44,0.474,154.59,6.45,23.55,88.18,24.6,1.32,Loamy Soil,Sugarcane,DAP,Recommended
38.38,0.397,150.53,5.51,75.66,23.9,89.24,2.91,Acidic Soil,Cotton,DAP,Recommended
21.9,0.796,199.03,6.46,67.39,85.97,65.22,2.2,Clay Soil,Sugarcane,DAP,Recommended
26.68,0.815,259.49,6.82,88.05,89.38,112.09,2.59,Loamy Soil,Sugarcane,DAP,Recommended
37.0,0.633,250.54,5.82,90.47,89.75,23.8,2.56,Sandy Soil,Maize,DAP,Recommended
25.72,0.836,100.22,6.61,80.53,40.7,45.11,0.71,Clay Soil,Rice,DAP,Recommended
34.0,0.281,175.34,5.52,85.49,30.28,56.83,0.55,Loamy Soil,Wheat,DAP,Recommended
28.55,0.643,286.41,5.71,94.98,75.03,28.82,1.25,Loamy Soil,Cotton,DAP,Recommended
21.68,0.608,169.18,6.74,23.66,89.72,146.55,2.92,Peaty Soil,Maize,DAP,Recommended
23.25,0.731,104.92,5.54,45.89,59.09,120.15,2.21,Sandy Soil,Wheat,DAP,Recommended
26.84,0.898,185.24,6.4,33.09,83.58,110.18,1.05,Sandy Soil,Potato,DAP,Recommended
25.75,0.292,273.61,7.43,22.5,78.5,138.24,2.64,Peaty Soil,Potato,DAP,Recommended
39.0,0.51,162.39,6.14,77.95,79.67,46.05,2.67,Peaty Soil,Wheat,DAP,Recommended
41.61,0.531,293.64,5.87,89.49,82.13,120.22,2.61,Peaty Soil,Maize,DAP,Recommended
39.92,0.406,282.37,7.44,34.84,56.97,20.16,2.0,Peaty Soil,Cotton,DAP,Recommended
30.76,0.34,198.32,5.63,66.56,41.52,123.68,1.28,Acidic Soil,Rice,DAP,Recommended
20.29,0.251,178.5,6.46,68.0,43.33,110.35,2.65,Loamy Soil,Maize,DAP,Recommended
32.01,0.273,148.41,7.47,31.4,59.91,100.36,2.26,Sandy Soil,Wheat,DAP,Recommended
28.16,0.562,117.57,6.2,22.66,26.29,71.6,0.83,Sandy Soil,Potato,DAP,Recommended
37.33,0.775,108.24,6.84,96.12,29.94,136.51,1.99,Loamy Soil,Rice,DAP,Recommended
37.73,0.81,242.82,7.1,47.16,85.19,30.41,2.74,Peaty Soil,Potato,DAP,Recommended
40.43,0.517,228.72,6.55,78.53,26.53,27.85,1.12,Acidic Soil,Rice,DAP,Recommended
41.79,0.353,295.17,6.17,34.57,83.18,105.63,1.75,Sandy Soil,Potato,DAP,Recommended
37.98,0.36,299.27,7.45,72.03,35.96,108.43,0.68,Loamy Soil,Cotton,DAP,Recommended
24.35,0.873,183.18,7.19,70.3,78.83,119.8,1.76,Sandy Soil,Rice,DAP,Recommended
32.85,0.612,105.88,6.29,68.5,67.82,123.08,2.14,Clay Soil,Maize,DAP,Recommended
27.1,0.451,176.77,6.43,86.88,38.86,120.88,1.51,Sandy Soil,Cotton,DAP,Recommended
29.32,0.559,182.61,5.64,54.97,27.79,72.65,1.98,Loamy Soil,Cotton,DAP,Recommended
34.82,0.314,178.22,7.44,40.65,72.54,62.27,2.43,Peaty Soil,Sugarcane,DAP,Recommended
25.93,0.364,276.74,6.38,46.47,55.9,107.02,0.86,Acidic Soil,Cotton,DAP,Recommended
34.7,0.864,150.51,6.22,50.35,68.44,66.38,1.83,Loamy Soil,Rice,DAP,Recommended
37.63,0.512,272.84,6.62,63.19,22.74,148.27,0.81,Acidic Soil,Cotton,DAP,Recommended
21.29,0.648,144.94,5.86,27.08,28.26,96.01,2.22,Peaty Soil,Sugarcane,DAP,Recommended
32.0,0.68,103.48,6.15,97.85,66.41,53.05,1.8,Peaty Soil,Potato,DAP,Recommended
23.49,0.221,161.59,6.91,36.15,73.87,146.09,0.73,Acidic Soil,Potato,DAP,Recommended
41.7,0.324,238.53,7.18,95.57,74.66,84.63,2.04,Loamy Soil,Cotton,DAP,Recommended
22.83,0.757,283.74,6.7,95.27,86.15,106.71,1.94,Peaty Soil,Wheat,DAP,Recommended
44.99,0.234,295.43,6.31,89.66,82.59,93.71,2.35,Peaty Soil,Wheat,DAP,Recommended
30.1,0.429,233.52,7.12,80.98,83.83,76.63,2.54,Loamy Soil,Sugarcane,DAP,Recommended
28.11,0.457,179.23,6.89,51.08,55.9,50.88,1.43,Peaty Soil,Potato,DAP,Recommended
21.83,0.622,233.64,6.74,57.08,50.38,132.23,1.8,Peaty Soil,Sugarcane,DAP,Recommended
40.34,0.276,129.8,6.55,39.69,58.14,71.27,1.87,Sandy Soil,Cotton,DAP,Recommended
43.89,0.213,139.16,5.52,71.8,91.84,51.65,2.82,Peaty Soil,Sugarcane,DAP,Recommended
31.98,0.336,133.27,6.73,61.85,73.61,140.85,1.83,Sandy Soil,Cotton,DAP,Recommended
37.94,0.48,295.35,7.15,61.8,29.86,131.72,2.5,Loamy Soil,Wheat,DAP,Recommended
24.63,0.842,184.91,5.67,85.26,49.88,88.44,0.78,Acidic Soil,Potato,DAP,Recommended
40.48,0.819,145.62,5.92,68.88,52.88,129.18,2.75,Loamy Soil,Wheat,DAP,Recommended
26.39,0.411,246.39,7.2,73.71,84.76,119.67,0.87,Sandy Soil,Sugarcane,MOP,Recommended
24.2,0.716,272.56,5.93,27.66,21.89,103.46,2.02,Clay Soil,Wheat,MOP,Recommended
26.42,0.642,111.69,5.78,41.96,67.76,107.86,1.61,Acidic Soil,Rice,MOP,Recommended
37.31,0.894,125.68,5.71,77.95,66.27,55.64,0.7,Acidic Soil,Rice,MOP,Recommended
34.89,0.481,173.39,6.19,69.37,55.39,128.14,2.17,Peaty Soil,Maize,MOP,Recommended
36.0,0.39,218.56,6.86,38.47,56.55,44.74,0.63,Peaty Soil,Wheat,MOP,Recommended
29.07,0.897,189.27,6.17,66.44,27.1,145.02,2.09,Loamy Soil,Wheat,MOP,Recommended
22.42,0.515,251.23,6.2,73.19,83.64,140.53,1.09,Peaty Soil,Maize,MOP,Recommended
23.81,0.895,285.4,6.58,87.36,61.68,101.07,0.72,Loamy Soil,Sugarcane,MOP,Recommended
40.65,0.747,241.75,5.57,44.25,41.05,66.82,0.72,Clay Soil,Rice,MOP,Recommended
33.85,0.414,179.4,6.39,68.05,61.25,139.52,1.74,Peaty Soil,Sugarcane,MOP,Recommended
29.78,0.551,179.44,6.58,70.24,73.94,89.22,2.3,Clay Soil,Cotton,MOP,Recommended
40.47,0.426,104.58,5.81,37.89,96.59,94.5,2.83,Sandy Soil,Rice,MOP,Recommended
31.98,0.42,221.27,5.78,91.86,86.35,61.28,2.88,Loamy Soil,Sugarcane,MOP,Recommended
29.19,0.248,105.16,5.77,97.05,63.96,145.56,1.58,Acidic Soil,Potato,MOP,Recommended
41.9,0.394,270.29,5.5,21.42,68.2,67.42,1.47,Acidic Soil,Maize,MOP,Recommended
24.79,0.348,196.92,7.01,69.56,43.79,75.94,0.93,Acidic Soil,Rice,MOP,Recommended
39.57,0.386,135.55,6.88,69.44,70.66,49.76,1.08,Peaty Soil,Cotton,MOP,Recommended
24.34,0.659,269.6,6.95,83.37,52.38,105.03,1.39,Clay Soil,Cotton,MOP,Recommended
32.04,0.324,177.42,7.43,39.89,30.7,74.42,2.48,Acidic Soil,Wheat,MOP,Recommended
37.02,0.333,223.79,6.15,86.74,70.34,45.85,0.66,Peaty Soil,Rice,MOP,Recommended
22.74,0.584,190.88,7.19,27.85,59.06,39.51,1.31,Peaty Soil,Wheat,MOP,Recommended
31.9,0.463,178.9,6.42,82.8,91.37,144.19,2.47,Loamy Soil,Rice,MOP,Recommended
37.2,0.506,150.93,7.18,23.07,92.14,79.99,2.09,Sandy Soil,Maize,MOP,Recommended
31.25,0.359,277.88,6.4,90.6,28.46,148.48,1.61,Acidic Soil,Rice,MOP,Recommended
38.66,0.661,260.43,5.71,22.85,60.69,70.39,1.65,Peaty Soil,Maize,MOP,Recommended
44.27,0.86,256.77,6.21,52.97,63.97,127.97,0.67,Sandy Soil,Potato,MOP,Recommended
22.07,0.56,279.78,7.06,38.23,98.08,106.76,0.53,Peaty Soil,Potato,MOP,Recommended
26.52,0.248,291.97,6.46,91.67,45.78,36.28,1.69,Sandy Soil,Potato,MOP,Recommended
32.15,0.844,204.15,6.73,32.53,23.5,34.41,2.0,Loamy Soil,Rice,MOP,Recommended
29.4,0.585,177.73,5.83,41.9,94.27,107.88,1.74,Loamy Soil,Sugarcane,MOP,Recommended
27.15,0.771,272.27,7.19,93.51,40.18,118.16,1.65,Peaty Soil,Maize,MOP,Recommended
28.0,0.727,153.87,6.58,78.24,28.64,109.09,0.73,Sandy Soil,Maize,MOP,Recommended
23.77,0.44,182.68,7.02,79.47,68.96,33.77,0.88,Peaty Soil,Rice,MOP,Recommended
39.03,0.312,192.31,5.52,39.73,78.12,148.94,0.75,Sandy Soil,Wheat,MOP,Recommended
25.1,0.589,246.61,6.73,35.04,48.43,121.89,1.89,Sandy Soil,Wheat,MOP,Recommended
41.0,0.783,102.21,7.0,80.69,74.27,118.31,2.6,Clay Soil,Sugarcane,MOP,Recommended
23.12,0.47,228.67,7.06,37.38,31.03,106.2,0.5,Acidic Soil,Wheat,MOP,Recommended
35.49,0.449,258.84,5.69,67.06,58.48,103.5,0.66,Sandy Soil,Cotton,MOP,Recommended
34.02,0.622,235.29,7.11,41.59,86.0,84.77,0.69,Acidic Soil,Cotton,MOP,Recommended
39.62,0.695,257.72,6.53,55.22,31.8,62.67,1.59,Sandy Soil,Cotton,MOP,Recommended
21.56,0.761,253.32,6.97,43.96,33.88,102.88,1.74,Clay Soil,Potato,MOP,Recommended
44.78,0.723,248.0,7.4,36.23,65.24,147.35,0.91,Clay Soil,Rice,MOP,Recommended
34.65,0.611,239.53,7.36,82.61,24.49,130.85,1.06,Acidic Soil,Sugarcane,MOP,Recommended
31.54,0.537,187.04,7.37,76.48,70.49,26.48,2.76,Clay Soil,Rice,MOP,Recommended
39.51,0.205,111.46,5.95,30.51,51.91,139.94,1.68,Acidic Soil,Potato,MOP,Recommended
27.07,0.231,107.26,6.05,42.05,82.97,146.73,1.43,Sandy Soil,Rice,MOP,Recommended
39.42,0.246,197.51,5.57,25.01,92.51,38.1,1.83,Loamy Soil,Maize,MOP,Recommended
28.68,0.83,104.36,6.83,97.07,64.81,141.79,0.63,Peaty Soil,Potato,MOP,Recommended
38.27,0.887,151.31,6.81,35.85,65.23,80.31,2.93,Peaty Soil,Rice,MOP,Recommended
24.58,0.215,244.0,6.34,27.11,74.7,90.86,2.95,Acidic Soil,Wheat,MOP,Recommended
30.1,0.58,258.34,6.6,69.03,38.09,130.1,1.57,Acidic Soil,Wheat,MOP,Recommended
36.6,0.351,119.51,7.22,56.81,79.94,57.78,2.47,Peaty Soil,Maize,MOP,Recommended
31.48,0.236,257.26,5.9,40.69,33.18,62.93,2.39,Acidic Soil,Potato,MOP,Recommended
24.04,0.379,289.33,6.62,80.06,64.64,91.83,0.74,Clay Soil,Cotton,MOP,Recommended
33.47,0.548,121.09,6.81,85.77,50.43,120.83,2.91,Peaty Soil,Wheat,MOP,Recommended
22.35,0.45,251.5,6.05,44.99,71.41,45.46,2.74,Sandy Soil,Wheat,MOP,Recommended
31.19,0.59,133.21,6.73,49.05,91.77,41.95,1.77,Peaty Soil,Rice,MOP,Recommended
20.83,0.455,246.53,7.14,45.05,83.89,145.81,2.64,Loamy Soil,Cotton,MOP,Recommended
38.49,0.424,297.68,6.47,29.79,78.01,61.99,2.99,Sandy Soil,Maize,MOP,Recommended
24.06,0.209,211.95,6.55,77.55,91.22,30.32,2.33,Acidic Soil,Cotton,MOP,Recommended
41.45,0.773,208.16,6.92,45.15,57.69,126.81,1.65,Acidic Soil,Wheat,MOP,Recommended
40.48,0.816,205.09,5.99,29.04,26.97,113.48,1.55,Sandy Soil,Rice,MOP,Recommended
38.49,0.334,222.76,6.37,66.18,79.05,124.81,2.61,Clay Soil,Maize,MOP,Recommended
20.78,0.718,121.27,6.13,20.31,74.53,41.73,2.14,Loamy Soil,Maize,MOP,Recommended
37.35,0.559,161.06,5.93,22.66,44.32,104.91,2.85,Peaty Soil,Rice,MOP,Recommended
39.15,0.752,233.0,6.02,92.58,73.66,92.86,0.78,Peaty Soil,Sugarcane,MOP,Recommended
33.67,0.466,295.36,5.72,53.8,23.36,116.19,2.8,Loamy Soil,Maize,MOP,Recommended
44.32,0.778,239.86,7.18,98.54,69.71,92.69,2.07,Loamy Soil,Cotton,MOP,Recommended
35.88,0.515,143.69,5.74,25.47,41.07,26.0,1.92,Peaty Soil,Rice,MOP,Recommended
40.61,0.252,145.27,6.96,67.9,25.16,134.04,2.69,Acidic Soil,Potato,MOP,Recommended
28.51,0.892,225.24,6.56,87.05,42.82,75.79,1.17,Sandy Soil,Sugarcane,MOP,Recommended
33.04,0.245,266.27,6.7,29.19,27.51,138.25,2.17,Loamy Soil,Wheat,MOP,Recommended
41.97,0.6,203.49,6.36,45.36,54.77,120.6,2.0,Sandy Soil,Cotton,MOP,Recommended
31.08,0.625,226.26,6.68,76.21,38.99,86.61,0.76,Peaty Soil,Sugarcane,MOP,Recommended
44.27,0.384,154.31,6.45,98.71,41.52,72.91,2.73,Sandy Soil,Rice,MOP,Recommended
20.99,0.623,281.48,5.98,57.57,56.04,81.49,2.06,Clay Soil,Sugarcane,MOP,Recommended
31.86,0.614,207.4,7.21,23.96,86.67,129.71,1.21,Acidic Soil,Sugarcane,MOP,Recommended
34.3,0.559,158.7,7.36,51.76,26.97,100.22,0.78,Clay Soil,Maize,MOP,Recommended
32.69,0.812,198.71,6.9,99.43,30.52,55.72,1.49,Peaty Soil,Maize,MOP,Recommended
30.28,0.835,242.81,6.72,44.75,85.9,144.16,2.55,Loamy Soil,Maize,MOP,Recommended
20.05,0.702,265.92,5.58,89.73,40.54,106.49,2.5,Peaty Soil,Wheat,MOP,Recommended
22.31,0.617,209.92,7.3,52.34,45.69,117.48,1.53,Acidic Soil,Rice,MOP,Recommended
36.16,0.822,219.74,6.5,31.11,29.26,40.06,0.93,Clay Soil,Sugarcane,NPK,Recommended
42.56,0.247,206.79,5.78,20.94,53.76,58.36,1.72,Acidic Soil,Wheat,NPK,Recommended
42.75,0.766,143.21,6.43,85.34,25.39,70.36,2.63,Peaty Soil,Maize,NPK,Recommended
21.94,0.58,272.35,6.68,38.1,50.74,78.52,1.95,Loamy Soil,Maize,NPK,Recommended
34.55,0.46,220.21,6.91,75.07,49.96,41.69,1.58,Peaty Soil,Sugarcane,NPK,Recommended
42.25,0.442,130.89,5.55,71.67,70.95,64.28,0.68,Clay Soil,Rice,NPK,Recommended
22.53,0.793,206.22,7.18,66.42,64.78,33.68,0.92,Sandy Soil,Sugarcane,NPK,Recommended
25.71,0.884,206.38,5.77,27.94,36.71,140.33,1.54,Clay Soil,Wheat,NPK,Recommended
27.83,0.303,197.57,5.76,86.84,49.63,68.72,1.69,Peaty Soil,Wheat,NPK,Recommended
40.67,0.889,157.68,7.42,51.16,50.84,64.25,1.85,Acidic Soil,Rice,NPK,Recommended
33.84,0.579,252.38,7.17,55.24,44.19,53.71,0.99,Loamy Soil,Sugarcane,NPK,Recommended
28.56,0.389,293.28,6.62,47.78,66.44,38.1,1.61,Sandy Soil,Maize,NPK,Recommended
25.18,0.748,246.92,6.1,46.07,83.4,79.99,2.33,Peaty Soil,Sugarcane,NPK,Recommended
31.89,0.58,145.55,7.43,92.76,77.77,89.34,2.67,Acidic Soil,Potato,NPK,Recommended
39.76,0.287,258.84,6.05,90.17,95.52,39.34,1.66,Peaty Soil,Cotton,NPK,Recommended
38.87,0.544,160.49,6.48,61.8,65.02,77.36,2.01,Loamy Soil,Maize,NPK,Recommended
34.43,0.806,296.15,6.32,86.2,81.16,94.56,2.89,Loamy Soil,Cotton,NPK,Recommended
20.08,0.648,159.69,5.98,44.95,40.48,24.0,2.93,Acidic Soil,Wheat,NPK,Recommended
31.92,0.681,244.54,6.89,30.75,43.95,66.63,2.51,Clay Soil,Potato,NPK,Recommended
43.94,0.206,299.56,6.85,86.28,43.57,21.86,2.34,Loamy Soil,Sugarcane,NPK,Recommended
38.51,0.3,250.69,7.04,72.68,81.29,129.97,2.03,Loamy Soil,Wheat,NPK,Recommended
21.94,0.485,181.42,5.63,47.91,28.88,125.07,2.87,Sandy Soil,Sugarcane,NPK,Recommended
43.88,0.566,159.91,5.65,60.05,83.56,111.92,0.63,Sandy Soil,Wheat,NPK,Recommended
30.07,0.407,146.48,6.06,84.28,94.34,72.66,2.77,Acidic Soil,Sugarcane,NPK,Recommended
41.06,0.584,143.85,5.57,37.17,53.29,118.75,0.97,Sandy Soil,Wheat,NPK,Recommended
40.54,0.588,227.42,6.55,57.05,38.77,59.42,1.22,Peaty Soil,Sugarcane,NPK,Recommended
42.92,0.704,180.29,5.82,90.56,85.9,113.82,1.18,Loamy Soil,Rice,NPK,Recommended
20.0,0.558,109.37,6.05,76.56,25.02,129.11,0.51,Acidic Soil,Cotton,NPK,Recommended
38.52,0.421,120.38,6.22,41.63,87.42,60.74,2.47,Clay Soil,Sugarcane,NPK,Recommended
30.56,0.464,287.26,6.85,29.28,23.38,93.4,2.83,Loamy Soil,Wheat,NPK,Recommended
23.48,0.378,275.1,5.87,42.28,30.37,107.89,2.86,Loamy Soil,Sugarcane,NPK,Recommended
31.89,0.644,299.89,5.71,59.89,50.81,132.56,1.69,Sandy Soil,Potato,NPK,Recommended
39.27,0.202,271.79,5.87,64.17,53.26,113.55,1.43,Clay Soil,Potato,NPK,Recommended
42.0,0.351,235.56,6.72,43.62,30.93,104.71,2.35,Peaty Soil,Potato,NPK,Recommended
36.12,0.477,242.64,5.9,91.22,42.99,67.81,0.65,Sandy Soil,Sugarcane,NPK,Recommended
26.69,0.785,102.94,6.26,46.99,21.55,36.17,1.53,Loamy Soil,Maize,NPK,Recommended
30.11,0.572,219.03,5.52,57.13,97.08,87.47,2.19,Peaty Soil,Cotton,NPK,Recommended
26.68,0.354,126.3,7.21,66.03,26.11,69.74,1.42,Acidic Soil,Potato,NPK,Recommended
30.89,0.432,168.36,6.98,37.86,71.35,94.18,1.92,Acidic Soil,Cotton,NPK,Recommended
33.71,0.815,235.12,6.59,86.38,68.49,57.85,1.02,Clay Soil,Cotton,NPK,Recommended
42.49,0.697,287.48,6.71,57.87,24.78,107.31,1.96,Loamy Soil,Sugarcane,NPK,Recommended
33.27,0.656,228.92,6.62,82.15,36.4,114.33,2.05,Loamy Soil,Wheat,NPK,Recommended
41.18,0.421,155.25,7.46,62.18,92.51,41.3,2.11,Loamy Soil,Rice,NPK,Recommended
43.68,0.436,245.0,6.58,24.85,75.2,109.71,2.83,Peaty Soil,Cotton,NPK,Recommended
25.76,0.231,183.13,6.1,80.89,48.34,143.38,2.91,Sandy Soil,Potato,NPK,Recommended
33.66,0.503,108.78,5.83,55.64,36.73,26.5,2.61,Clay Soil,Sugarcane,NPK,Recommended
33.18,0.474,231.82,5.72,70.92,59.86,72.87,2.88,Loamy Soil,Cotton,NPK,Recommended
26.49,0.506,218.71,5.65,69.79,98.49,44.71,2.48,Clay Soil,Sugarcane,NPK,Recommended
43.59,0.872,204.29,7.45,80.58,32.93,82.0,2.3,Loamy Soil,Maize,NPK,Recommended
36.67,0.314,213.02,7.04,59.91,20.97,21.18,1.39,Peaty Soil,Wheat,NPK,Recommended
40.12,0.232,261.62,5.86,61.17,84.66,53.0,1.11,Acidic Soil,Maize,NPK,Recommended
42.37,0.2,280.28,5.81,99.21,96.39,84.31,1.78,Loamy Soil,Maize,NPK,Recommended
29.81,0.728,283.69,7.4,66.17,48.57,122.38,1.13,Peaty Soil,Sugarcane,NPK,Recommended
28.96,0.66,148.08,5.88,93.46,28.14,85.77,1.05,Loamy Soil,Sugarcane,NPK,Recommended
20.9,0.323,273.35,6.06,96.04,66.53,76.76,1.95,Clay Soil,Cotton,NPK,Recommended
38.97,0.398,170.61,7.29,95.72,91.4,74.53,2.45,Sandy Soil,Cotton,NPK,Recommended
32.44,0.343,218.23,5.87,46.53,88.4,46.92,0.68,Peaty Soil,Wheat,NPK,Recommended
43.52,0.555,181.88,7.12,86.87,46.58,110.17,2.43,Sandy Soil,Cotton,NPK,Recommended
23.79,0.813,207.82,6.06,54.02,23.01,36.62,2.41,Loamy Soil,Sugarcane,NPK,Recommended
30.41,0.566,110.93,7.45,38.09,44.34,59.51,1.08,Clay Soil,Potato,NPK,Recommended
38.23,0.877,144.86,6.83,79.35,87.87,74.94,1.26,Acidic Soil,Rice,NPK,Recommended
26.32,0.39,125.07,6.17,99.96,52.46,48.66,2.41,Acidic Soil,Rice,NPK,Recommended
29.52,0.49,250.77,5.54,41.52,61.41,54.95,2.07,Loamy Soil,Rice,NPK,Recommended
35.04,0.408,242.88,7.02,28.2,61.11,86.16,1.42,Loamy Soil,Wheat,NPK,Recommended
37.43,0.7,192.34,7.34,75.57,78.32,132.02,1.19,Clay Soil,Rice,NPK,Recommended
24.88,0.442,167.12,7.46,88.52,76.09,114.52,1.91,Loamy Soil,Rice,NPK,Recommended
29.51,0.314,257.24,6.97,50.75,22.02,129.07,0.53,Sandy Soil,Rice,NPK,Recommended
44.26,0.506,146.99,6.91,85.37,63.71,145.71,0.63,Loamy Soil,Sugarcane,NPK,Recommended
37.96,0.804,135.85,7.1,64.22,51.72,37.12,2.66,Peaty Soil,Cotton,NPK,Recommended
35.63,0.422,263.28,6.5,25.67,45.03,141.59,2.63,Clay Soil,Maize,NPK,Recommended
20.3,0.672,110.37,6.6,43.01,44.54,65.88,2.05,Loamy Soil,Sugarcane,NPK,Recommended
38.32,0.483,113.67,7.07,42.86,54.62,109.11,1.33,Sandy Soil,Potato,NPK,Recommended
29.35,0.861,228.35,6.84,70.58,35.92,74.38,2.38,Peaty Soil,Sugarcane,NPK,Recommended
28.13,0.859,282.95,5.52,56.01,98.17,33.41,1.87,Peaty Soil,Potato,NPK,Recommended
33.89,0.333,216.44,5.91,61.58,25.92,98.71,1.79,Clay Soil,Wheat,NPK,Recommended
27.19,0.66,293.71,6.71,26.16,26.05,143.69,1.24,Peaty Soil,Cotton,NPK,Recommended
31.45,0.264,210.68,6.78,76.3,49.86,93.28,1.63,Loamy Soil,Maize,NPK,Recommended
26.78,0.618,273.22,7.39,28.47,32.39,142.82,2.34,Acidic Soil,Maize,NPK,Recommended
39.31,0.638,174.71,5.6,70.2,50.85,141.71,1.85,Clay Soil,Rice,NPK,Recommended
25.51,0.708,223.45,6.98,37.17,73.2,84.75,2.36,Sandy Soil,Maize,NPK,Recommended
42.25,0.259,261.44,7.22,85.38,61.02,76.99,2.99,Peaty Soil,Rice,NPK,Recommended
33.67,0.669,240.17,5.91,72.32,85.47,26.5,2.78,Loamy Soil,Rice,NPK,Recommended
20.4,0.254,282.23,6.21,53.98,37.23,97.62,1.99,Sandy Soil,Wheat,NPK,Recommended
40.13,0.776,286.54,6.59,36.02,69.34,116.57,2.34,Clay Soil,Potato,Compost,Recommended
29.28,0.845,216.89,6.58,41.51,49.48,136.39,2.17,Clay Soil,Sugarcane,Compost,Recommended
30.28,0.812,227.59,7.17,59.95,62.8,38.77,2.46,Sandy Soil,Wheat,Compost,Recommended
32.5,0.75,219.77,5.9,67.22,52.61,81.04,0.57,Peaty Soil,Rice,Compost,Recommended
39.11,0.487,231.03,6.02,32.76,32.84,29.16,0.96,Acidic Soil,Wheat,Compost,Recommended
42.04,0.77,237.03,5.72,43.13,44.78,52.49,1.79,Loamy Soil,Sugarcane,Compost,Recommended
38.56,0.254,274.53,7.16,37.28,84.75,122.23,2.08,Loamy Soil,Wheat,Compost,Recommended
26.79,0.362,163.72,7.31,26.21,86.31,65.36,1.8,Acidic Soil,Wheat,Compost,Recommended
42.11,0.441,192.37,6.33,21.06,43.68,79.69,1.53,Peaty Soil,Sugarcane,Compost,Recommended
24.13,0.201,243.75,6.96,61.19,32.91,30.86,0.55,Clay Soil,Wheat,Compost,Recommended
42.04,0.285,226.93,6.66,29.47,36.95,60.43,0.92,Clay Soil,Potato,Compost,Recommended
25.49,0.872,223.26,6.61,53.26,54.32,90.32,2.24,Sandy Soil,Rice,Compost,Recommended
25.09,0.429,209.34,6.65,21.77,95.61,110.56,1.74,Acidic Soil,Sugarcane,Compost,Recommended
30.98,0.886,202.46,5.73,81.18,74.31,120.49,2.88,Loamy Soil,Rice,Compost,Recommended
35.28,0.8,234.65,6.32,90.85,37.75,112.9,2.7,Peaty Soil,Rice,Compost,Recommended
33.39,0.785,264.28,7.19,58.81,46.69,122.9,1.63,Clay Soil,Maize,Compost,Recommended
41.37,0.818,193.26,5.65,51.03,84.28,137.23,1.01,Peaty Soil,Rice,Compost,Recommended
38.58,0.794,209.12,7.46,56.04,61.07,148.6,1.08,Acidic Soil,Maize,Compost,Recommended
21.07,0.512,114.0,6.96,68.67,76.53,68.68,1.42,Clay Soil,Wheat,Compost,Recommended
28.75,0.851,175.85,7.16,87.39,49.86,102.16,0.74,Loamy Soil,Cotton,Compost,Recommended
39.16,0.609,256.39,7.0,84.24,61.44,38.24,2.18,Peaty Soil,Sugarcane,Compost,Recommended
29.67,0.664,169.39,6.28,32.69,40.66,98.7,1.58,Sandy Soil,Cotton,Compost,Recommended
41.31,0.579,251.65,6.11,53.2,77.02,70.21,1.97,Loamy Soil,Sugarcane,Compost,Recommended
25.37,0.497,281.57,6.51,35.03,26.16,110.5,1.46,Sandy Soil,Wheat,Compost,Recommended
43.96,0.502,209.87,6.57,70.94,79.86,49.26,1.82,Peaty Soil,Sugarcane,Compost,Recommended
37.37,0.353,219.06,6.03,72.96,85.2,121.14,2.4,Peaty Soil,Wheat,Compost,Recommended
37.47,0.458,186.47,5.56,40.77,22.69,134.29,1.11,Acidic Soil,Cotton,Compost,Recommended
20.97,0.667,164.61,7.3,91.05,46.02,137.12,2.99,Sandy Soil,Wheat,Compost,Recommended
38.7,0.769,241.37,7.43,86.13,92.25,141.36,2.5,Acidic Soil,Wheat,Compost,Recommended
20.14,0.526,214.23,6.11,45.45,96.89,135.92,2.62,Clay Soil,Potato,Compost,Recommended
27.82,0.658,146.4,5.53,81.15,69.9,119.1,0.6,Clay Soil,Wheat,Compost,Recommended
34.08,0.637,272.89,6.67,66.48,99.25,118.37,1.61,Sandy Soil,Sugarcane,Compost,Recommended
29.73,0.36,219.37,7.36,94.33,47.35,88.6,1.03,Clay Soil,Sugarcane,Compost,Recommended
44.53,0.655,260.88,6.93,67.45,24.27,79.12,2.19,Sandy Soil,Maize,Compost,Recommended
24.18,0.55,238.18,6.89,71.89,42.02,40.31,2.09,Peaty Soil,Rice,Compost,Recommended
24.48,0.694,191.03,6.84,86.99,33.58,22.49,2.45,Clay Soil,Maize,Compost,Recommended
31.34,0.518,237.14,7.32,71.12,96.28,134.61,1.96,Loamy Soil,Potato,Compost,Recommended
36.06,0.255,248.11,5.69,67.53,76.21,28.65,1.08,Loamy Soil,Cotton,Compost,Recommended
42.02,0.818,231.81,5.92,89.04,90.89,45.56,2.34,Loamy Soil,Maize,Compost,Recommended
25.01,0.351,238.24,6.71,69.52,95.26,120.87,0.82,Peaty Soil,Sugarcane,Compost,Recommended
44.38,0.772,270.51,7.38,26.81,50.85,29.23,1.03,Sandy Soil,Maize,Compost,Recommended
31.73,0.388,120.2,5.83,31.78,97.85,118.71,2.92,Peaty Soil,Maize,Compost,Recommended
28.16,0.41,146.5,5.76,40.52,48.43,107.62,0.66,Acidic Soil,Wheat,Compost,Recommended
40.23,0.303,168.53,7.23,32.39,26.62,82.99,1.26,Peaty Soil,Potato,Compost,Recommended
40.1,0.296,216.14,6.51,31.53,69.92,55.57,1.72,Loamy Soil,Rice,Compost,Recommended
31.49,0.415,264.48,5.61,53.49,56.67,114.25,1.94,Clay Soil,Cotton,Compost,Recommended
39.43,0.804,162.78,6.58,87.21,99.16,135.64,1.43,Clay Soil,Sugarcane,Compost,Recommended
32.23,0.719,198.51,6.47,87.06,48.91,131.77,1.52,Peaty Soil,Maize,Compost,Recommended
39.06,0.288,139.28,7.4,34.04,65.42,95.31,1.72,Peaty Soil,Cotton,Compost,Recommended
33.82,0.461,232.33,5.78,65.67,34.82,56.22,1.05,Acidic Soil,Potato,Compost,Recommended
40.64,0.4,285.42,7.44,65.7,31.44,68.69,2.49,Clay Soil,Maize,Compost,Recommended
28.44,0.711,214.64,6.18,99.08,22.02,52.84,1.8,Peaty Soil,Potato,Compost,Recommended
38.79,0.636,220.06,5.61,50.12,38.56,54.5,1.89,Acidic Soil,Rice,Compost,Recommended
27.35,0.366,289.7,7.39,68.8,93.96,122.16,1.97,Acidic Soil,Rice,Compost,Recommended
39.31,0.692,223.05,7.02,61.03,76.33,141.57,1.44,Sandy Soil,Sugarcane,Compost,Recommended
36.86,0.734,109.09,6.79,38.14,73.6,80.88,2.43,Acidic Soil,Cotton,Compost,Recommended
26.96,0.797,285.68,7.49,83.68,80.3,48.02,1.34,Peaty Soil,Rice,Compost,Recommended
39.33,0.84,137.83,7.34,75.65,68.86,45.98,0.64,Clay Soil,Rice,Compost,Recommended
25.27,0.59,271.3,7.17,94.19,49.27,61.35,2.37,Clay Soil,Potato,Compost,Recommended
22.19,0.398,183.72,6.09,46.58,43.5,25.39,2.09,Clay Soil,Rice,Compost,Recommended
36.33,0.335,159.13,6.74,67.97,60.51,65.55,2.78,Peaty Soil,Wheat,Compost,Recommended
31.39,0.675,208.6,6.19,54.85,83.56,56.16,0.86,Clay Soil,Cotton,Compost,Recommended
26.53,0.44,266.91,7.37,34.86,49.8,140.72,0.65,Loamy Soil,Cotton,Compost,Recommended
26.82,0.439,189.76,7.33,35.15,20.4,27.81,2.76,Peaty Soil,Wheat,Compost,Recommended
24.43,0.406,122.96,7.38,82.74,56.99,132.45,1.12,Sandy Soil,Wheat,Compost,Recommended
42.39,0.836,162.78,6.88,41.73,35.25,44.0,1.36,Loamy Soil,Cotton,Compost,Recommended
40.77,0.284,246.99,6.56,43.04,59.43,58.99,1.99,Loamy Soil,Sugarcane,Compost,Recommended
34.59,0.473,171.03,5.59,37.43,21.21,95.58,0.76,Clay Soil,Potato,Compost,Recommended
33.08,0.69,182.17,6.62,95.41,26.62,53.01,2.45,Sandy Soil,Sugarcane,Compost,Recommended
21.89,0.453,118.43,6.67,38.1,91.66,121.86,2.25,Clay Soil,Potato,Compost,Recommended
41.59,0.356,274.62,7.08,79.85,64.9,52.01,1.56,Loamy Soil,Wheat,Compost,Recommended
30.78,0.443,110.07,5.61,75.36,56.63,49.45,2.03,Loamy Soil,Rice,Compost,Recommended
34.44,0.451,264.71,7.14,58.19,48.07,67.13,2.51,Loamy Soil,Potato,Compost,Recommended
25.23,0.259,193.34,6.46,87.27,37.7,69.53,2.52,Acidic Soil,Maize,Compost,Recommended
39.54,0.393,140.85,5.53,74.34,26.13,74.7,2.0,Acidic Soil,Wheat,Compost,Recommended
30.19,0.313,231.28,7.44,64.98,77.18,28.9,1.54,Clay Soil,Maize,Compost,Recommended
21.1,0.685,229.65,5.96,74.51,95.21,26.08,1.3,Acidic Soil,Rice,Compost,Recommended
42.48,0.874,188.82,7.0,62.53,63.02,56.15,1.04,Peaty Soil,Maize,Compost,Recommended
20.73,0.835,131.26,5.94,61.46,76.81,32.44,1.29,Clay Soil,Rice,Compost,Recommended
27.83,0.786,110.04,6.43,50.37,45.33,57.14,0.73,Sandy Soil,Wheat,Compost,Recommended
36.94,0.5,246.3,7.15,31.71,86.63,90.24,2.61,Peaty Soil,Cotton,Compost,Recommended
39.2,0.55,186.75,6.0,63.8,41.95,137.21,1.04,Clay Soil,Maize,Compost,Recommended
40.71,0.699,239.34,6.15,38.71,36.87,131.43,2.55,Clay Soil,Potato,Compost,Recommended
23.31,0.468,223.87,6.41,82.42,99.81,44.85,1.65,Sandy Soil,Rice,Ammonium Sulphate,Recommended
27.61,0.339,113.14,7.27,53.59,59.75,139.2,2.44,Sandy Soil,Sugarcane,Ammonium Sulphate,Recommended
34.14,0.51,259.44,6.95,75.23,47.24,124.65,0.63,Clay Soil,Cotton,Ammonium Sulphate,Recommended
28.39,0.254,147.0,7.16,95.86,44.37,54.39,1.2,Sandy Soil,Cotton,Ammonium Sulphate,Recommended
20.9,0.849,142.74,6.34,20.77,88.64,115.05,2.87,Loamy Soil,Cotton,Ammonium Sulphate,Recommended
27.84,0.374,239.54,6.23,65.3,20.5,28.05,1.84,Peaty Soil,Cotton,Ammonium Sulphate,Recommended
30.26,0.314,144.36,6.14,40.75,27.01,31.69,0.98,Acidic Soil,Cotton,Ammonium Sulphate,Recommended
27.18,0.396,166.4,6.83,89.65,80.73,114.58,1.71,Peaty Soil,Maize,Ammonium Sulphate,Recommended
25.41,0.346,159.28,7.32,63.79,78.71,65.05,1.52,Sandy Soil,Sugarcane,Ammonium Sulphate,Recommended
40.68,0.609,167.51,7.11,39.72,98.08,64.83,1.34,Peaty Soil,Rice,Ammonium Sulphate,Recommended
25.75,0.488,148.11,6.84,86.09,73.85,127.17,1.49,Peaty Soil,Potato,Ammonium Sulphate,Recommended
33.38,0.257,106.99,7.48,22.4,55.56,85.6,0.79,Sandy Soil,Potato,Ammonium Sulphate,Recommended
28.8,0.733,201.42,6.78,98.81,81.44,76.47,1.62,Sandy Soil,Cotton,Ammonium Sulphate,Recommended
36.63,0.55,228.97,5.55,54.37,42.32,36.79,0.75,Sandy Soil,Wheat,Ammonium Sulphate,Recommended
26.34,0.53,198.45,5.89,72.17,82.47,122.89,2.01,Peaty Soil,Cotton,Ammonium Sulphate,Recommended
21.53,0.401,118.65,7.43,30.81,32.14,135.64,2.86,Loamy Soil,Wheat,Ammonium Sulphate,Recommended
34.38,0.5,155.18,7.04,38.1,75.39,50.33,2.06,Loamy Soil,Potato,Ammonium Sulphate,Recommended
25.47,0.242,126.19,6.71,87.96,23.6,115.44,1.35,Sandy Soil,Rice,Ammonium Sulphate,Recommended
43.22,0.432,193.07,5.53,26.53,40.69,23.62,2.08,Loamy Soil,Maize,Ammonium Sulphate,Recommended
33.7,0.322,159.19,6.83,97.22,24.03,135.75,1.94,Acidic Soil,Sugarcane,Ammonium Sulphate,Recommended
21.73,0.263,220.18,6.18,93.38,52.53,38.63,2.29,Peaty Soil,Potato,Ammonium Sulphate,Recommended
33.14,0.688,280.05,7.08,74.11,74.37,142.97,1.24,Acidic Soil,Maize,Ammonium Sulphate,Recommended
22.04,0.847,165.16,5.76,55.39,23.4,109.0,2.76,Acidic Soil,Potato,Ammonium Sulphate,Recommended
23.36,0.266,266.3,7.34,71.98,28.27,72.26,2.32,Clay Soil,Potato,Ammonium Sulphate,Recommended
22.96,0.2,242.43,6.21,40.36,21.03,90.24,2.63,Clay Soil,Cotton,Ammonium Sulphate,Recommended
34.14,0.56,117.01,6.6,50.4,68.57,70.53,1.1,Loamy Soil,Cotton,Ammonium Sulphate,Recommended
23.45,0.257,265.94,7.45,52.38,27.01,28.56,2.73,Clay Soil,Rice,Ammonium Sulphate,Recommended
28.0,0.534,163.66,6.48,88.76,67.38,110.3,1.41,Peaty Soil,Maize,Ammonium Sulphate,Recommended
36.67,0.284,214.53,6.01,84.33,54.08,149.31,0.73,Clay Soil,Sugarcane,Ammonium Sulphate,Recommended
36.84,0.737,161.51,6.48,83.72,38.6,49.38,1.88,Sandy Soil,Maize,Ammonium Sulphate,Recommended
31.96,0.61,208.27,5.67,24.56,28.44,96.13,1.86,Clay Soil,Wheat,Ammonium Sulphate,Recommended
27.39,0.853,204.64,6.04,51.93,67.89,104.88,0.88,Clay Soil,Maize,Ammonium Sulphate,Recommended
23.39,0.826,114.93,7.32,99.73,76.03,120.16,1.34,Clay Soil,Sugarcane,Ammonium Sulphate,Recommended
33.24,0.713,284.82,7.45,86.66,44.24,145.65,2.07,Loamy Soil,Potato,Ammonium Sulphate,Recommended
27.68,0.459,210.09,7.08,45.44,66.38,64.93,2.54,Acidic Soil,Maize,Ammonium Sulphate,Recommended
21.92,0.316,112.22,6.5,28.51,29.13,142.34,2.68,Loamy Soil,Maize,Ammonium Sulphate,Recommended
20.0,0.63,223.29,6.41,51.76,56.43,73.94,2.33,Loamy Soil,Wheat,Ammonium Sulphate,Recommended
24.94,0.326,152.49,6.55,28.9,89.45,58.66,0.91,Peaty Soil,Wheat,Ammonium Sulphate,Recommended
20.95,0.634,239.64,5.93,23.36,49.09,32.82,0.79,Clay Soil,Cotton,Ammonium Sulphate,Recommended
33.51,0.255,213.17,7.32,51.71,43.71,38.65,0.88,Clay Soil,Cotton,Ammonium Sulphate,Recommended
35.36,0.567,163.82,6.44,60.2,36.06,60.95,2.48,Peaty Soil,Potato,Ammonium Sulphate,Recommended
28.99,0.415,139.04,6.86,45.85,99.02,62.34,1.49,Peaty Soil,Potato,Ammonium Sulphate,Recommended
31.74,0.496,299.13,5.52,91.61,31.93,122.17,2.04,Loamy Soil,Potato,Ammonium Sulphate,Recommended
22.15,0.77,156.07,5.76,55.19,71.52,69.52,0.64,Clay Soil,Maize,Ammonium Sulphate,Recommended
31.48,0.726,281.11,7.17,35.75,55.29,45.92,1.16,Sandy Soil,Sugarcane,Ammonium Sulphate,Recommended
21.7,0.353,287.08,6.43,55.63,21.17,52.16,2.67,Peaty Soil,Cotton,Ammonium Sulphate,Recommended
20.36,0.535,104.2,7.14,85.99,83.02,56.84,2.59,Clay Soil,Wheat,Ammonium Sulphate,Recommended
22.0,0.509,132.67,5.87,36.18,50.94,26.65,1.49,Acidic Soil,Sugarcane,Ammonium Sulphate,Recommended
32.08,0.468,267.83,5.79,60.46,24.96,29.25,1.93,Acidic Soil,Maize,Ammonium Sulphate,Recommended
41.95,0.591,291.96,5.6,27.84,23.53,44.09,1.85,Acidic Soil,Cotton,Ammonium Sulphate,Recommended
21.14,0.862,268.43,6.09,26.18,33.59,36.5,0.81,Loamy Soil,Cotton,Ammonium Sulphate,Recommended
28.95,0.893,236.86,7.4,31.4,50.57,92.12,0.69,Peaty Soil,Rice,Ammonium Sulphate,Recommended
21.39,0.432,253.19,6.33,72.24,66.37,22.89,2.97,Clay Soil,Wheat,Ammonium Sulphate,Recommended
34.98,0.71,163.07,6.29,38.95,27.76,43.27,2.49,Sandy Soil,Wheat,Ammonium Sulphate,Recommended
33.67,0.533,284.49,5.65,42.45,48.0,121.72,2.98,Acidic Soil,Wheat,Ammonium Sulphate,Recommended
41.86,0.781,144.93,6.3,52.77,98.26,43.52,2.5,Sandy Soil,Cotton,Ammonium Sulphate,Recommended
38.27,0.494,215.67,7.17,84.33,89.31,27.75,2.23,Sandy Soil,Maize,Ammonium Sulphate,Recommended
31.49,0.673,223.72,6.64,24.73,70.62,119.96,2.99,Peaty Soil,Potato,Ammonium Sulphate,Recommended
41.99,0.835,298.31,5.92,48.44,73.54,82.89,1.55,Acidic Soil,Maize,Ammonium Sulphate,Recommended
28.75,0.371,231.18,5.9,45.2,37.97,28.99,2.57,Clay Soil,Wheat,Ammonium Sulphate,Recommended
31.83,0.23,239.87,6.16,79.58,52.99,45.45,1.78,Acidic Soil,Sugarcane,Ammonium Sulphate,Recommended
31.01,0.422,282.39,5.62,75.52,34.62,61.48,1.54,Clay Soil,Rice,Ammonium Sulphate,Recommended
26.06,0.264,163.74,5.71,30.29,65.91,27.92,0.58,Loamy Soil,Cotton,Ammonium Sulphate,Recommended
30.18,0.565,279.31,5.89,21.81,88.93,95.03,2.73,Sandy Soil,Sugarcane,Ammonium Sulphate,Recommended
40.25,0.501,249.97,7.33,65.77,34.46,54.94,1.0,Sandy Soil,Wheat,Ammonium Sulphate,Recommended
30.9,0.616,217.93,5.63,86.52,34.19,114.0,2.43,Loamy Soil,Cotton,Ammonium Sulphate,Recommended
34.47,0.21,172.08,6.71,51.0,89.08,60.14,1.23,Loamy Soil,Maize,Ammonium Sulphate,Recommended
33.94,0.695,232.51,7.12,90.87,85.29,22.46,2.34,Acidic Soil,Rice,Ammonium Sulphate,Recommended
41.99,0.234,146.22,7.29,40.5,37.65,37.96,2.65,Acidic Soil,Cotton,Ammonium Sulphate,Recommended
28.91,0.838,108.06,6.52,74.44,94.54,100.65,2.51,Acidic Soil,Sugarcane,Ammonium Sulphate,Recommended
27.58,0.747,253.17,6.88,97.25,51.48,36.99,2.18,Acidic Soil,Wheat,Ammonium Sulphate,Recommended
34.38,0.345,200.89,6.12,54.2,71.62,116.88,1.08,Clay Soil,Cotton,Ammonium Sulphate,Recommended
26.73,0.339,256.68,7.32,49.62,80.1,136.61,2.62,Loamy Soil,Maize,Ammonium Sulphate,Recommended
43.91,0.464,167.85,5.62,58.89,28.72,52.31,1.29,Peaty Soil,Maize,Ammonium Sulphate,Recommended
41.89,0.412,271.74,7.21,81.17,31.74,109.74,2.86,Acidic Soil,Potato,Ammonium Sulphate,Recommended
28.29,0.55,229.15,6.52,29.6,44.97,124.31,2.65,Clay Soil,Wheat,Ammonium Sulphate,Recommended
22.11,0.678,147.12,7.39,89.7,43.16,121.82,2.51,Acidic Soil,Rice,Ammonium Sulphate,Recommended
34.95,0.257,229.37,6.75,71.07,44.57,131.76,2.9,Peaty Soil,Rice,Ammonium Sulphate,Recommended
40.51,0.674,227.21,6.3,66.23,44.63,82.04,2.48,Clay Soil,Cotton,Ammonium Sulphate,Recommended
43.35,0.482,193.76,6.91,93.78,31.36,59.55,0.85,Sandy Soil,Wheat,Ammonium Sulphate,Recommended
27.66,0.428,114.18,6.2,89.0,38.65,110.37,2.07,Acidic Soil,Rice,Ammonium Sulphate,Recommended
23.31,0.884,216.53,7.49,92.92,37.72,27.3,1.14,Loamy Soil,Sugarcane,Ammonium Sulphate,Recommended
33.01,0.508,275.98,6.51,60.62,31.07,147.76,1.12,Loamy Soil,Sugarcane,Ammonium Sulphate,Recommended
